4d74e69f-a15d-4a65-8173-5dfb81bc4b4c,2024-07-07T10:00:00Z
949dd30d-a890-40e6-a263-31d5a5ef4094,2024-07-08T10:00:00Z
255df81b-a2c8-437d-bf89-441498a0b730,2024-07-08T10:00:00Z
e9e89597-03e6-49b3-ad87-1f95df8e8d0f,2024-07-31T10:00:00Z
c45b2835-2fc1-4656-bf88-3c007d3d3ee2,2024-07-07T10:00:00Z
e2626480-fda9-47be-a44b-e8dc94b1e3e4,2024-07-08T10:00:00Z
95344353-ca84-4206-acf0-6b77aba136e0,2024-07-08T10:00:00Z
c2a82d8d-1b8d-4645-95b2-c1b683a15465,2024-07-07T10:00:00Z
fc5e58ef-2fb9-41ff-bad2-a88cafc4605c,2024-07-08T10:00:00Z
3d93de70-a809-4827-9348-e2f3852a786d,2024-07-08T10:00:00Z
fcfc9ee1-3381-4d88-9ef8-61a078189af7,2024-07-07T10:00:00Z
a11b34b7-c000-4a4a-983f-626f7873bd06,2024-07-08T10:00:00Z
290677df-9c5f-40fb-8b73-3253af192851,2024-07-08T10:00:00Z
c35aa5ee-e697-48c1-9544-b55c87cbd93c,2024-07-07T10:00:00Z
e4710233-a5d6-42c3-b883-6b8c54cd439f,2024-07-08T10:00:00Z
f4bfd5ad-8961-4aeb-ad2f-15effc4ca76d,2024-07-08T10:00:00Z
